[
  {
    "content": "Create individual category page routes for politics, finance, sports, tech, gaming, fashion, travel, and food",
    "status": "completed",
    "priority": "high",
    "id": "1"
  },
  {
    "content": "Update metadata.json with proper category route metadata",
    "status": "completed",
    "priority": "high",
    "id": "2"
  },
  {
    "content": "Enhance category-page-content.tsx with improved designs for each category theme",
    "status": "completed",
    "priority": "high",
    "id": "3"
  },
  {
    "content": "Update header.tsx to show active navigation links based on current route",
    "status": "completed",
    "priority": "medium",
    "id": "4"
  },
  {
    "content": "Add category-specific hero sections and color themes",
    "status": "completed",
    "priority": "medium",
    "id": "5"
  }
]