{
  "/": {
    "title": "The Horizons Times | Breaking News & Global Updates",
    "description": "Stay informed with The Horizons Times - your trusted source for breaking news, politics, finance, sports, technology, and global updates.",
    "ogImage": "https://thehorizonstimes.com/og-image-home.png"
  },
  "/politics": {
    "title": "Political News & Analysis | The Horizons Times",
    "description": "Stay informed with the latest political developments, policy changes, and government news from around the world. In-depth political analysis and breaking news.",
    "ogImage": "https://thehorizonstimes.com/og-image-politics.png"
  },
  "/finance": {
    "title": "Finance & Business News | The Horizons Times",
    "description": "Breaking financial news, market analysis, economic trends, and business insights. Your source for finance, investing, and economic updates.",
    "ogImage": "https://thehorizonstimes.com/og-image-finance.png"
  },
  "/sports": {
    "title": "Sports News & Scores | The Horizons Times",
    "description": "Latest sports news, scores, player updates, and analysis from football, basketball, soccer, tennis, and more. Complete sports coverage.",
    "ogImage": "https://thehorizonstimes.com/og-image-sports.png"
  },
  "/tech": {
    "title": "Technology News & Reviews | The Horizons Times",
    "description": "Breaking tech news, gadget reviews, innovation trends, and the latest in technology, AI, and digital transformation. Stay ahead with tech updates.",
    "ogImage": "https://thehorizonstimes.com/og-image-tech.png"
  },
  "/gaming": {
    "title": "Gaming News & Reviews | The Horizons Times",
    "description": "Latest gaming news, reviews, industry updates, esports coverage, and entertainment from the gaming world. Your source for video game news.",
    "ogImage": "https://thehorizonstimes.com/og-image-gaming.png"
  },
  "/fashion": {
    "title": "Fashion News & Style Trends | The Horizons Times",
    "description": "Latest fashion trends, style news, designer collections, runway shows, and industry updates from the world of fashion and beauty.",
    "ogImage": "https://thehorizonstimes.com/og-image-fashion.png"
  },
  "/travel": {
    "title": "Travel News & Destination Guides | The Horizons Times",
    "description": "Travel news, destination guides, tourism updates, travel tips, and insights to help you explore the world. Your travel companion.",
    "ogImage": "https://thehorizonstimes.com/og-image-travel.png"
  },
  "/food": {
    "title": "Food News & Culinary Trends | The Horizons Times",
    "description": "Latest food news, restaurant reviews, culinary trends, chef interviews, and delicious discoveries from around the globe. Food culture coverage.",
    "ogImage": "https://thehorizonstimes.com/og-image-food.png"
  },
  "/admin": {
    "title": "Admin Dashboard | The Horizons Times",
    "description": "Admin interface for managing blog articles and content.",
    "ogImage": "https://thehorizonstimes.com/og-image-admin.png"
  },
  "/article/first-step": {
    "title": "First step | The Horizons Times",
    "description": "First test 1 - Latest news and updates from The Horizons Times.",
    "ogImage": "https://neighborly-starling-819.convex.cloud/api/storage/kg2c4sg2s4zbckbw91htz7yc9s7srkhx"
  }
}


